,count,mean,std,min,1%,50%,95%,99%,max
URLLength,176527.0,34.59921711692829,41.04866842592894,13.0,17.0,27.0,74.0,146.7399999999907,5794.0
DomainLength,176527.0,21.450911192055607,9.133469702376297,4.0,8.0,20.0,38.0,57.0,110.0
IsDomainIP,176527.0,0.002730460496128071,0.05218256899699048,0.0,0.0,0.0,0.0,0.0,1.0
TLDLength,176527.0,2.7647895222827104,0.5998936122569151,2.0,2.0,3.0,3.0,4.0,13.0
NoOfSubDomain,176527.0,1.164456428761606,0.6006478334199741,0.0,0.0,1.0,2.0,3.0,10.0
HasObfuscation,176527.0,0.0020903317906042704,0.04567246566972332,0.0,0.0,0.0,0.0,0.0,1.0
NoOfObfuscatedChar,176527.0,0.02865284064194146,2.1562061347803185,0.0,0.0,0.0,0.0,0.0,447.0
ObfuscationRatio,176527.0,0.0001479037201108046,0.0040440703730373825,0.0,0.0,0.0,0.0,0.0,0.348
NoOfLettersInURL,176527.0,19.434579412781048,27.483009227556714,0.0,4.0,14.0,50.0,100.0,4992.0
LetterRatioInURL,176527.0,0.515798246160644,0.12336604210538711,0.0,0.231,0.519,0.731,0.786,0.926
NoOfDegitsInURL,176527.0,1.894628017243821,12.84172760182032,0.0,0.0,0.0,10.0,27.0,2011.0
DegitRatioInURL,176527.0,0.028470403960867176,0.07059570441453585,0.0,0.0,0.0,0.179,0.339,0.684
NoOfEqualsInURL,176527.0,0.06345771468387272,1.0260399270317695,0.0,0.0,0.0,0.0,2.0,176.0
NoOfQMarkInURL,176527.0,0.0293722773286806,0.19342934607398846,0.0,0.0,0.0,0.0,1.0,4.0
NoOfAmpersandInURL,176527.0,0.026823092218187586,0.9278859195871648,0.0,0.0,0.0,0.0,0.0,149.0
NoOfOtherSpecialCharsInURL,176527.0,2.340202915134795,3.7124808779931793,0.0,1.0,1.0,7.0,13.0,499.0
SpacialCharRatioInURL,176527.0,0.06324597370373937,0.03229825155744613,0.0,0.027,0.05,0.128,0.157,0.397
IsHTTPS,176527.0,0.782911395990415,0.41226460535628096,0.0,0.0,1.0,1.0,1.0,1.0
URLSimilarityIndex,176527.0,78.48632600302967,28.970388211828574,0.155574352,8.220793797,100.0,100.0,100.0,100.0
TLDLegitimateProb,176527.0,0.2602931890050813,0.2515814553266003,0.0,3.7e-05,0.0799628,0.5229071,0.5229071,0.5229071
URLCharProb,176527.0,0.055765904302786544,0.010575667732122998,0.001082764,0.02290588776,0.057980202,0.06921134069999998,0.07381687217999998,0.090823664
CharContinuationRate,176527.0,0.8456861327638264,0.21632538766703607,0.0,0.25,1.0,1.0,1.0,1.0
URLTitleMatchScore,176527.0,52.17765434579022,49.59410652922039,0.0,0.0,100.0,100.0,100.0,100.0
DomainTitleMatchScore,176527.0,50.19007925126435,49.673340656222514,0.0,0.0,75.0,100.0,100.0,100.0
LineOfCode,176527.0,1146.7982858146345,3628.937926928637,2.0,2.0,431.0,4385.0,10416.479999999981,442666.0
LargestLineLength,176527.0,12790.382321118015,152819.56297226655,23.0,30.0,1096.0,26846.699999999983,126308.07999999542,13975732.0
HasTitle,176527.0,0.8615679187886273,0.3453538992777349,0.0,0.0,1.0,1.0,1.0,1.0
HasFavicon,176527.0,0.3620465991038198,0.48059355758673206,0.0,0.0,0.0,1.0,1.0,1.0
Robots,176527.0,0.26725090212828634,0.4425256679366317,0.0,0.0,0.0,1.0,1.0,1.0
IsResponsive,176527.0,0.6248675839956493,0.4841584599721668,0.0,0.0,1.0,1.0,1.0,1.0
NoOfURLRedirect,176527.0,0.133231743585967,0.33982598528392427,0.0,0.0,0.0,1.0,1.0,1.0
NoOfSelfRedirect,176527.0,0.03995422796512715,0.19585225279779403,0.0,0.0,0.0,0.0,1.0,1.0
HasDescription,176527.0,0.44073711103683855,0.49647689404252915,0.0,0.0,0.0,1.0,1.0,1.0
NoOfPopup,176527.0,0.2280274405615005,4.124425913055559,0.0,0.0,0.0,1.0,4.0,602.0
NoOfiFrame,176527.0,1.5870093526769276,5.951310689201901,0.0,0.0,0.0,8.0,21.0,1602.0
HasExternalFormSubmit,176527.0,0.04401592957451268,0.2051310943965962,0.0,0.0,0.0,0.0,1.0,1.0
HasSocialNet,176527.0,0.4577316784401253,0.4982115967071952,0.0,0.0,0.0,1.0,1.0,1.0
HasSubmitButton,176527.0,0.4155341675777643,0.49281527873959047,0.0,0.0,0.0,1.0,1.0,1.0
HasHiddenFields,176527.0,0.3781631138579368,0.4849300004189244,0.0,0.0,0.0,1.0,1.0,1.0
HasPasswordField,176527.0,0.10230729576778623,0.30305285556595407,0.0,0.0,0.0,1.0,1.0,1.0
Bank,176527.0,0.12728364499481665,0.3332913859997966,0.0,0.0,0.0,1.0,1.0,1.0
Pay,176527.0,0.2370005721504359,0.4252438422127347,0.0,0.0,0.0,1.0,1.0,1.0
Crypto,176527.0,0.02341851388172914,0.15122902051451578,0.0,0.0,0.0,0.0,1.0,1.0
HasCopyrightInfo,176527.0,0.4879763435621746,0.49985682659024955,0.0,0.0,0.0,1.0,1.0,1.0
NoOfImage,176527.0,26.0455001217944,76.74960034455162,0.0,0.0,9.0,96.0,243.0,8956.0
NoOfCSS,176527.0,6.3977465203623245,86.2572387710391,0.0,0.0,2.0,26.0,51.0,35820.0
NoOfJS,176527.0,10.551519031083064,24.018081790453177,0.0,0.0,6.0,38.0,64.0,6957.0
NoOfSelfRef,176527.0,65.09248443580869,168.64711955649113,0.0,0.0,12.0,253.0,515.7399999999907,26596.0
NoOfEmptyRef,176527.0,2.393350592260674,18.80552312859351,0.0,0.0,0.0,10.0,31.0,4887.0
NoOfExternalRef,176527.0,49.28607521795533,152.88696345056223,0.0,0.0,10.0,208.0,424.0,24525.0
